id,"name","odptrailway","created_at","updated_at"
1,"東葉高速線","odpt.Railway:ToyoRapid.ToyoRapid","2019-11-30 14:04:24","2019-11-30 14:04:24"
2,"埼玉高速鉄道線","odpt.Railway:SaitamaRailway.SaitamaRailway","2019-11-30 14:04:24","2019-11-30 14:04:24"
3,"会津線","odpt.Railway:Aizu.Aizu","2019-11-30 14:04:24","2019-11-30 14:04:24"
4,"みなとみらい線","odpt.Railway:Minatomirai.Minatomirai","2019-11-30 14:04:24","2019-11-30 14:04:24"
5,"箱根登山線","odpt.Railway:HakoneTozan.HakoneTozan","2019-11-30 14:04:24","2019-11-30 14:04:24"
6,"秩父本線","odpt.Railway:Chichibu.Chichibu","2019-11-30 14:04:24","2019-11-30 14:04:24"
7,"富士急行線","odpt.Railway:Fujikyu.Fujikyu","2019-11-30 14:04:24","2019-11-30 14:04:24"
8,"芝山鉄道線","odpt.Railway:Shibayama.Shibayama","2019-11-30 14:04:24","2019-11-30 14:04:24"
9,"つくばエクスプレス","odpt.Railway:MIR.TsukubaExpress","2019-11-30 14:04:24","2019-11-30 14:04:24"
10,"新京成線","odpt.Railway:ShinKeisei.ShinKeisei","2019-11-30 14:04:24","2019-11-30 14:04:24"
11,"羽田空港線","odpt.Railway:TokyoMonorail.HanedaAirport","2019-11-30 14:04:24","2019-11-30 14:04:24"
12,"会津鬼怒川線","odpt.Railway:Yagan.AizuKinugawa","2019-11-30 14:04:24","2019-11-30 14:04:24"
13,"伊豆急行線","odpt.Railway:Izukyu.Izukyu","2019-11-30 14:04:24","2019-11-30 14:04:24"
14,"御殿場線","odpt.Railway:JR-Central.Gotemba","2019-11-30 14:04:24","2019-11-30 14:04:24"
15,"大洗鹿島線","odpt.Railway:KashimaRinkai.OaraiKashima","2019-11-30 14:04:24","2019-11-30 14:04:24"
16,"駿豆線","odpt.Railway:IzuHakone.Sunzu","2019-11-30 14:04:24","2019-11-30 14:04:24"
17,"山陰本線","odpt.Railway:JR-West.Sanin","2019-11-30 14:04:24","2019-11-30 14:04:24"
18,"瀬戸大橋線","odpt.Railway:JR-Shikoku.SetoOhashi","2019-11-30 14:04:24","2019-11-30 14:04:24"
19,"土讃線","odpt.Railway:JR-Shikoku.Dosan","2019-11-30 14:04:24","2019-11-30 14:04:24"
20,"北総線","odpt.Railway:Hokuso.Hokuso","2019-11-30 14:04:24","2019-11-30 14:04:24"
21,"ほくほく線","odpt.Railway:Hokuetsu.Hokuhoku","2019-11-30 14:04:24","2019-11-30 14:04:24"
22,"成田スカイアクセス線","odpt.Railway:Keisei.NaritaSkyAccess","2019-11-30 14:04:24","2019-11-30 14:04:24"
23,"千葉線","odpt.Railway:Keisei.Chiba","2019-11-30 14:04:24","2019-11-30 14:04:24"
24,"千原線","odpt.Railway:Keisei.Chihara","2019-11-30 14:04:24","2019-11-30 14:04:24"
25,"東成田線","odpt.Railway:Keisei.HigashiNarita","2019-11-30 14:04:24","2019-11-30 14:04:24"
26,"吾妻線","odpt.Railway:JR-East.Agatsuma","2019-11-30 14:04:24","2019-11-30 14:04:24"
27,"金町線","odpt.Railway:Keisei.Kanamachi","2019-11-30 14:04:24","2019-11-30 14:04:24"
28,"京成本線","odpt.Railway:Keisei.Main","2019-11-30 14:04:24","2019-11-30 14:04:24"
29,"押上線","odpt.Railway:Keisei.Oshiage","2019-11-30 14:04:24","2019-11-30 14:04:24"
30,"拝島線","odpt.Railway:Seibu.Haijima","2019-11-30 14:04:24","2019-11-30 14:04:24"
31,"池袋線","odpt.Railway:Seibu.Ikebukuro","2019-11-30 14:04:24","2019-11-30 14:04:24"
32,"国分寺線","odpt.Railway:Seibu.Kokubunji","2019-11-30 14:04:25","2019-11-30 14:04:25"
33,"東京さくらトラム（都電荒川線）","odpt.Railway:Toei.Arakawa","2019-11-30 14:04:25","2019-11-30 14:04:25"
34,"狭山線","odpt.Railway:Seibu.Sayama","2019-11-30 14:04:25","2019-11-30 14:04:25"
35,"東海道線","odpt.Railway:JR-Central.Tokaido","2019-11-30 14:04:25","2019-11-30 14:04:25"
36,"西武秩父線","odpt.Railway:Seibu.SeibuChichibu","2019-11-30 14:04:25","2019-11-30 14:04:25"
37,"西武有楽町線","odpt.Railway:Seibu.SeibuYurakucho","2019-11-30 14:04:25","2019-11-30 14:04:25"
38,"西武園線","odpt.Railway:Seibu.Seibuen","2019-11-30 14:04:25","2019-11-30 14:04:25"
39,"浅草線","odpt.Railway:Toei.Asakusa","2019-11-30 14:04:25","2019-11-30 14:04:25"
40,"新宿線","odpt.Railway:Seibu.Shinjuku","2019-11-30 14:04:25","2019-11-30 14:04:25"
41,"多摩川線","odpt.Railway:Seibu.Tamagawa","2019-11-30 14:04:25","2019-11-30 14:04:25"
42,"多摩湖線","odpt.Railway:Seibu.Tamako","2019-11-30 14:04:25","2019-11-30 14:04:25"
43,"豊島線","odpt.Railway:Seibu.Toshima","2019-11-30 14:04:25","2019-11-30 14:04:25"
44,"山口線","odpt.Railway:Seibu.Yamaguchi","2019-11-30 14:04:25","2019-11-30 14:04:25"
45,"三田線","odpt.Railway:Toei.Mita","2019-11-30 14:04:25","2019-11-30 14:04:25"
46,"日暮里・舎人ライナー","odpt.Railway:Toei.NipporiToneri","2019-11-30 14:04:25","2019-11-30 14:04:25"
47,"大江戸線","odpt.Railway:Toei.Oedo","2019-11-30 14:04:25","2019-11-30 14:04:25"
48,"新宿線","odpt.Railway:Toei.Shinjuku","2019-11-30 14:04:25","2019-11-30 14:04:25"
49,"秋田新幹線","odpt.Railway:JR-East.AkitaShinkansen","2019-11-30 14:04:25","2019-11-30 14:04:25"
50,"動物園線","odpt.Railway:Keio.Dobutsuen","2019-11-30 14:04:25","2019-11-30 14:04:25"
51,"井の頭線","odpt.Railway:Keio.Inokashira","2019-11-30 14:04:25","2019-11-30 14:04:25"
52,"左沢線","odpt.Railway:JR-East.Aterazawa","2019-11-30 14:04:25","2019-11-30 14:04:25"
53,"競馬場線","odpt.Railway:Keio.Keibajo","2019-11-30 14:04:25","2019-11-30 14:04:25"
54,"京王新線","odpt.Railway:Keio.KeioNew","2019-11-30 14:04:25","2019-11-30 14:04:25"
55,"京王線","odpt.Railway:Keio.Keio","2019-11-30 14:04:25","2019-11-30 14:04:25"
56,"相模原線","odpt.Railway:Keio.Sagamihara","2019-11-30 14:04:25","2019-11-30 14:04:25"
57,"千代田線","odpt.Railway:TokyoMetro.Chiyoda","2019-11-30 14:04:25","2019-11-30 14:04:25"
58,"高尾線","odpt.Railway:Keio.Takao","2019-11-30 14:04:25","2019-11-30 14:04:25"
59,"大師線","odpt.Railway:Tobu.Daishi","2019-11-30 14:04:25","2019-11-30 14:04:25"
60,"伊勢崎線","odpt.Railway:Tobu.Isesaki","2019-11-30 14:04:25","2019-11-30 14:04:25"
61,"亀戸線","odpt.Railway:Tobu.Kameido","2019-11-30 14:04:25","2019-11-30 14:04:25"
62,"鬼怒川線","odpt.Railway:Tobu.Kinugawa","2019-11-30 14:04:25","2019-11-30 14:04:25"
63,"北陸新幹線","odpt.Railway:JR-East.HokurikuShinkansen","2019-11-30 14:04:25","2019-11-30 14:04:25"
64,"桐生線","odpt.Railway:Tobu.Kiryu","2019-11-30 14:04:25","2019-11-30 14:04:25"
65,"磐越東線","odpt.Railway:JR-East.BanetsuEast","2019-11-30 14:04:25","2019-11-30 14:04:25"
66,"小泉線(東小泉-太田)","odpt.Railway:Tobu.KoizumiBranch","2019-11-30 14:04:25","2019-11-30 14:04:25"
67,"小泉線","odpt.Railway:Tobu.Koizumi","2019-11-30 14:04:25","2019-11-30 14:04:25"
68,"日光線","odpt.Railway:Tobu.Nikko","2019-11-30 14:04:25","2019-11-30 14:04:25"
69,"飯山線","odpt.Railway:JR-East.Iiyama","2019-11-30 14:04:25","2019-11-30 14:04:25"
70,"越生線","odpt.Railway:Tobu.Ogose","2019-11-30 14:04:25","2019-11-30 14:04:25"
71,"佐野線","odpt.Railway:Tobu.Sano","2019-11-30 14:04:25","2019-11-30 14:04:25"
72,"東武スカイツリーライン(押上-曳舟)","odpt.Railway:Tobu.TobuSkytreeBranch","2019-11-30 14:04:25","2019-11-30 14:04:25"
73,"東武スカイツリーライン","odpt.Railway:Tobu.TobuSkytree","2019-11-30 14:04:25","2019-11-30 14:04:25"
74,"東武アーバンパークライン","odpt.Railway:Tobu.TobuUrbanPark","2019-11-30 14:04:25","2019-11-30 14:04:25"
75,"東上線","odpt.Railway:Tobu.Tojo","2019-11-30 14:04:25","2019-11-30 14:04:25"
76,"宇都宮線","odpt.Railway:Tobu.Utsunomiya","2019-11-30 14:04:25","2019-11-30 14:04:25"
77,"副都心線","odpt.Railway:TokyoMetro.Fukutoshin","2019-11-30 14:04:25","2019-11-30 14:04:25"
78,"銀座線","odpt.Railway:TokyoMetro.Ginza","2019-11-30 14:04:25","2019-11-30 14:04:25"
79,"半蔵門線","odpt.Railway:TokyoMetro.Hanzomon","2019-11-30 14:04:25","2019-11-30 14:04:25"
80,"日比谷線","odpt.Railway:TokyoMetro.Hibiya","2019-11-30 14:04:25","2019-11-30 14:04:25"
81,"丸ノ内線支線","odpt.Railway:TokyoMetro.MarunouchiBranch","2019-11-30 14:04:25","2019-11-30 14:04:25"
82,"石巻線","odpt.Railway:JR-East.Ishinomaki","2019-11-30 14:04:25","2019-11-30 14:04:25"
83,"丸ノ内線","odpt.Railway:TokyoMetro.Marunouchi","2019-11-30 14:04:25","2019-11-30 14:04:25"
84,"南北線","odpt.Railway:TokyoMetro.Namboku","2019-11-30 14:04:25","2019-11-30 14:04:25"
85,"東西線","odpt.Railway:TokyoMetro.Tozai","2019-11-30 14:04:25","2019-11-30 14:04:25"
86,"有楽町線","odpt.Railway:TokyoMetro.Yurakucho","2019-11-30 14:04:25","2019-11-30 14:04:25"
87,"グリーンライン","odpt.Railway:YokohamaMunicipal.Green","2019-11-30 14:04:25","2019-11-30 14:04:25"
88,"りんかい線","odpt.Railway:TWR.Rinkai","2019-11-30 14:04:25","2019-11-30 14:04:25"
89,"ゆりかもめ","odpt.Railway:Yurikamome.Yurikamome","2019-11-30 14:04:25","2019-11-30 14:04:25"
90,"いずみ野線","odpt.Railway:Sotetsu.Izumino","2019-11-30 14:04:25","2019-11-30 14:04:25"
91,"相鉄本線","odpt.Railway:Sotetsu.Main","2019-11-30 14:04:25","2019-11-30 14:04:25"
92,"ブルーライン","odpt.Railway:YokohamaMunicipal.Blue","2019-11-30 14:04:25","2019-11-30 14:04:25"
93,"磐越西線","odpt.Railway:JR-East.BanetsuWest","2019-11-30 14:04:25","2019-11-30 14:04:25"
94,"釜石線","odpt.Railway:JR-East.Kamaishi","2019-11-30 14:04:25","2019-11-30 14:04:25"
95,"気仙沼線","odpt.Railway:JR-East.Kesennuma","2019-11-30 14:04:25","2019-11-30 14:04:25"
96,"中央線快速","odpt.Railway:JR-East.ChuoRapid","2019-11-30 14:04:25","2019-11-30 14:04:25"
97,"中央・総武各駅停車","odpt.Railway:JR-East.ChuoSobuLocal","2019-11-30 14:04:25","2019-11-30 14:04:25"
98,"中央本線","odpt.Railway:JR-East.Chuo","2019-11-30 14:04:25","2019-11-30 14:04:25"
99,"越後線","odpt.Railway:JR-East.Echigo","2019-11-30 14:04:25","2019-11-30 14:04:25"
100,"五能線","odpt.Railway:JR-East.Gono","2019-11-30 14:04:25","2019-11-30 14:04:25"
101,"八高線","odpt.Railway:JR-East.Hachiko","2019-11-30 14:04:25","2019-11-30 14:04:25"
102,"八戸線","odpt.Railway:JR-East.Hachinohe","2019-11-30 14:04:25","2019-11-30 14:04:25"
103,"花輪線","odpt.Railway:JR-East.Hanawa","2019-11-30 14:04:25","2019-11-30 14:04:25"
104,"伊東線","odpt.Railway:JR-East.Ito","2019-11-30 14:04:25","2019-11-30 14:04:25"
105,"五日市線","odpt.Railway:JR-East.Itsukaichi","2019-11-30 14:04:25","2019-11-30 14:04:25"
106,"常磐線各駅停車","odpt.Railway:JR-East.JobanLocal","2019-11-30 14:04:25","2019-11-30 14:04:25"
107,"陸羽東線","odpt.Railway:JR-East.RikuEast","2019-11-30 14:04:25","2019-11-30 14:04:25"
108,"常磐線快速","odpt.Railway:JR-East.JobanRapid","2019-11-30 14:04:25","2019-11-30 14:04:25"
109,"常磐線","odpt.Railway:JR-East.Joban","2019-11-30 14:04:25","2019-11-30 14:04:25"
110,"上越新幹線","odpt.Railway:JR-East.JoetsuShinkansen","2019-11-30 14:04:25","2019-11-30 14:04:25"
111,"上越線","odpt.Railway:JR-East.Joetsu","2019-11-30 14:04:25","2019-11-30 14:04:25"
112,"烏山線","odpt.Railway:JR-East.Karasuyama","2019-11-30 14:04:25","2019-11-30 14:04:25"
113,"鹿島線","odpt.Railway:JR-East.Kashima","2019-11-30 14:04:25","2019-11-30 14:04:25"
114,"陸羽西線","odpt.Railway:JR-East.RikuWest","2019-11-30 14:04:25","2019-11-30 14:04:25"
115,"川越線(川越-高麗川間)","odpt.Railway:JR-East.Kawagoe","2019-11-30 14:04:25","2019-11-30 14:04:25"
116,"京浜東北線・根岸線","odpt.Railway:JR-East.KeihinTohokuNegishi","2019-11-30 14:04:25","2019-11-30 14:04:25"
117,"京葉線","odpt.Railway:JR-East.Keiyo","2019-11-30 14:04:25","2019-11-30 14:04:25"
118,"北上線","odpt.Railway:JR-East.Kitakami","2019-11-30 14:04:25","2019-11-30 14:04:25"
119,"小海線","odpt.Railway:JR-East.Koumi","2019-11-30 14:04:25","2019-11-30 14:04:25"
120,"久留里線","odpt.Railway:JR-East.Kururi","2019-11-30 14:04:25","2019-11-30 14:04:25"
121,"水戸線","odpt.Railway:JR-East.Mito","2019-11-30 14:04:25","2019-11-30 14:04:25"
122,"山形新幹線","odpt.Railway:JR-East.YamagataShinkansen","2019-11-30 14:04:25","2019-11-30 14:04:25"
123,"武蔵野線","odpt.Railway:JR-East.Musashino","2019-11-30 14:04:25","2019-11-30 14:04:25"
124,"南武線浜川崎支線","odpt.Railway:JR-East.NambuBranch","2019-11-30 14:04:26","2019-11-30 14:04:26"
125,"男鹿線","odpt.Railway:JR-East.Oga","2019-11-30 14:04:26","2019-11-30 14:04:26"
126,"南武線","odpt.Railway:JR-East.Nambu","2019-11-30 14:04:26","2019-11-30 14:04:26"
127,"成田線我孫子支線","odpt.Railway:JR-East.NaritaAbikoBranch","2019-11-30 14:04:26","2019-11-30 14:04:26"
128,"成田線空港支線","odpt.Railway:JR-East.NaritaAirportBranch","2019-11-30 14:04:26","2019-11-30 14:04:26"
129,"成田線","odpt.Railway:JR-East.Narita","2019-11-30 14:04:26","2019-11-30 14:04:26"
130,"日光線","odpt.Railway:JR-East.Nikko","2019-11-30 14:04:26","2019-11-30 14:04:26"
131,"大船渡線","odpt.Railway:JR-East.Ofunato","2019-11-30 14:04:26","2019-11-30 14:04:26"
132,"大糸線","odpt.Railway:JR-East.Oito","2019-11-30 14:04:26","2019-11-30 14:04:26"
133,"青梅線","odpt.Railway:JR-East.Ome","2019-11-30 14:04:26","2019-11-30 14:04:26"
134,"大湊線","odpt.Railway:JR-East.Ominato","2019-11-30 14:04:26","2019-11-30 14:04:26"
135,"奥羽本線","odpt.Railway:JR-East.Ou","2019-11-30 14:04:26","2019-11-30 14:04:26"
136,"両毛線","odpt.Railway:JR-East.Ryomo","2019-11-30 14:04:26","2019-11-30 14:04:26"
137,"相模線","odpt.Railway:JR-East.Sagami","2019-11-30 14:04:26","2019-11-30 14:04:26"
138,"埼京線・川越線","odpt.Railway:JR-East.SaikyoKawagoe","2019-11-30 14:04:26","2019-11-30 14:04:26"
139,"仙石東北ライン","odpt.Railway:JR-East.SensekiTohoku","2019-11-30 14:04:26","2019-11-30 14:04:26"
140,"仙石線","odpt.Railway:JR-East.Senseki","2019-11-30 14:04:26","2019-11-30 14:04:26"
141,"仙山線","odpt.Railway:JR-East.Senzan","2019-11-30 14:04:26","2019-11-30 14:04:26"
142,"信越本線","odpt.Railway:JR-East.Shinetsu","2019-11-30 14:04:26","2019-11-30 14:04:26"
143,"篠ノ井線","odpt.Railway:JR-East.Shinonoi","2019-11-30 14:04:26","2019-11-30 14:04:26"
144,"湘南新宿ライン","odpt.Railway:JR-East.ShonanShinjuku","2019-11-30 14:04:26","2019-11-30 14:04:26"
145,"総武快速線","odpt.Railway:JR-East.SobuRapid","2019-11-30 14:04:26","2019-11-30 14:04:26"
146,"総武本線","odpt.Railway:JR-East.Sobu","2019-11-30 14:04:26","2019-11-30 14:04:26"
147,"東北新幹線","odpt.Railway:JR-East.TohokuShinkansen","2019-11-30 14:04:26","2019-11-30 14:04:26"
148,"外房線","odpt.Railway:JR-East.Sotobo","2019-11-30 14:04:26","2019-11-30 14:04:26"
149,"水郡線","odpt.Railway:JR-East.Suigun","2019-11-30 14:04:26","2019-11-30 14:04:26"
150,"只見線","odpt.Railway:JR-East.Tadami","2019-11-30 14:04:26","2019-11-30 14:04:26"
151,"鶴見線大川支線","odpt.Railway:JR-East.TsurumiOkawaBranch","2019-11-30 14:04:26","2019-11-30 14:04:26"
152,"高崎線","odpt.Railway:JR-East.Takasaki","2019-11-30 14:04:26","2019-11-30 14:04:26"
153,"田沢湖線","odpt.Railway:JR-East.Tazawako","2019-11-30 14:04:26","2019-11-30 14:04:26"
154,"東金線","odpt.Railway:JR-East.Togane","2019-11-30 14:04:26","2019-11-30 14:04:26"
155,"東北本線","odpt.Railway:JR-East.Tohoku","2019-11-30 14:04:26","2019-11-30 14:04:26"
156,"東海道線","odpt.Railway:JR-East.Tokaido","2019-11-30 14:04:26","2019-11-30 14:04:26"
157,"津軽線","odpt.Railway:JR-East.Tsugaru","2019-11-30 14:04:26","2019-11-30 14:04:26"
158,"山田線","odpt.Railway:JR-East.Yamada","2019-11-30 14:04:26","2019-11-30 14:04:26"
159,"鶴見線海芝浦支線","odpt.Railway:JR-East.TsurumiUmiShibauraBranch","2019-11-30 14:04:26","2019-11-30 14:04:26"
160,"鶴見線","odpt.Railway:JR-East.Tsurumi","2019-11-30 14:04:26","2019-11-30 14:04:26"
161,"内房線","odpt.Railway:JR-East.Uchibo","2019-11-30 14:04:26","2019-11-30 14:04:26"
162,"上野東京ライン","odpt.Railway:JR-East.UenoTokyo","2019-11-30 14:04:26","2019-11-30 14:04:26"
163,"羽越本線","odpt.Railway:JR-East.Uetsu","2019-11-30 14:04:26","2019-11-30 14:04:26"
164,"宇都宮線","odpt.Railway:JR-East.Utsunomiya","2019-11-30 14:04:26","2019-11-30 14:04:26"
165,"弥彦線","odpt.Railway:JR-East.Yahiko","2019-11-30 14:04:26","2019-11-30 14:04:26"
166,"山手線","odpt.Railway:JR-East.Yamanote","2019-11-30 14:04:26","2019-11-30 14:04:26"
167,"横浜線","odpt.Railway:JR-East.Yokohama","2019-11-30 14:04:26","2019-11-30 14:04:26"
168,"久里浜線","odpt.Railway:Keikyu.Kurihama","2019-11-30 14:04:26","2019-11-30 14:04:26"
169,"横須賀線","odpt.Railway:JR-East.Yokosuka","2019-11-30 14:04:26","2019-11-30 14:04:26"
170,"米坂線","odpt.Railway:JR-East.Yonesaka","2019-11-30 14:04:26","2019-11-30 14:04:26"
171,"江ノ島線","odpt.Railway:Odakyu.Enoshima","2019-11-30 14:04:26","2019-11-30 14:04:26"
172,"小田原線","odpt.Railway:Odakyu.Odawara","2019-11-30 14:04:26","2019-11-30 14:04:26"
173,"多摩線","odpt.Railway:Odakyu.Tama","2019-11-30 14:04:26","2019-11-30 14:04:26"
174,"空港線","odpt.Railway:Keikyu.Airport","2019-11-30 14:04:26","2019-11-30 14:04:26"
175,"大師線","odpt.Railway:Keikyu.Daishi","2019-11-30 14:04:26","2019-11-30 14:04:26"
176,"京急本線","odpt.Railway:Keikyu.Main","2019-11-30 14:04:26","2019-11-30 14:04:26"
177,"逗子線","odpt.Railway:Keikyu.Zushi","2019-11-30 14:04:26","2019-11-30 14:04:26"
178,"田園都市線","odpt.Railway:Tokyu.DenEnToshi","2019-11-30 14:04:26","2019-11-30 14:04:26"
179,"池上線","odpt.Railway:Tokyu.Ikegami","2019-11-30 14:04:26","2019-11-30 14:04:26"
180,"こどもの国線","odpt.Railway:Tokyu.Kodomonokuni","2019-11-30 14:04:26","2019-11-30 14:04:26"
181,"目黒線","odpt.Railway:Tokyu.Meguro","2019-11-30 14:04:26","2019-11-30 14:04:26"
182,"大井町線","odpt.Railway:Tokyu.Oimachi","2019-11-30 14:04:26","2019-11-30 14:04:26"
183,"世田谷線","odpt.Railway:Tokyu.Setagaya","2019-11-30 14:04:26","2019-11-30 14:04:26"
184,"東急多摩川線","odpt.Railway:Tokyu.TokyuTamagawa","2019-11-30 14:04:26","2019-11-30 14:04:26"
185,"東横線","odpt.Railway:Tokyu.Toyoko","2019-11-30 14:04:26","2019-11-30 14:04:26"
